670780055	8608	DENTISTERIE-LABORATOIRE DE PROTHESES	1	8600	3580	01
670780055	8607	DENTISTERIE-PARODONTOLOGIE	1	8600	3580	01
670780055	8606	DENTISTERIE-PEDODONTIE	1	8600	3580	01
670780055	8604	DENTISTERIE-PROTHESE	1	8600	3580	01
670780055	8602	ORTHOPEDIE DENTO-FACIALE	1	8600	3580	01
670780055	8609	DENTISTERIE-RADIOLOGIE	1	8600	3580	01
670780055	8614	CENTRE DE REFERENCE - MANIFESTATIONS ODONTOLOGIQUES RARES	1	8600	3580	01
670780055	8603	DENTISTERIE OPERATOIRE	1	8600	3580	01
670780055	8601	ODONTOLOGIE CHIRURGICALE	1	8600	3580	01
670780055	0911	MED.INT.ET IMMUNOLOGIE CLIN-HOSPITALISATION	1	0930	3950	01
670780055	0222	OPHTALMOLOGIE-BLOC OPERATOIRE	1	0200	3950	01
670780055	0907	MEDECINE INTERNE A-SURVEILLANCE CONTINUE	1	0910	3950	01
670780055	0908	MEDECINE INTERNE A-HOSPITALISATION	1	0910	3950	01
670780055	0909	MEDECINE INTERNE A-CONSULTATIONS EXTERNES	1	0910	3950	01
670780055	0201	OPHTALMOLOGIE CONSULTATIONS EXTERNES	1	0200	3950	01
670780055	0211	OPHTALMOLOGIE-HOSPITALISATION	1	0200	3950	01
670780055	9317	SERV.EXTERIEURS CONVENTIONNES-SOINS EN MILIEU PENITENTIAIRE	1	0930	3950	01
670780055	2821	PEDIATRIE 2-HOSPITALISATION NEONATOLOGIE	1	2820	3945	01
670780055	2092	OPHTALMOLOGIE - CONSULTATIONS EXTERNES	1	2405	3950	01
670780055	2079	SPECIALITES MEDICALES - CONSULTATIONS EXTERNES	1	2415	3950	01
670780055	0932	CENTRE DE REFERENCE - MALADIES SYSTEMIQUES RARES AUTOIMMUNES	1	0930	3950	01
670780055	1303	VACCINATIONS INTERNATIONALES ET CONSEILS AUX VOYAGEURS	1	1300	3950	01
670780055	1302	LABORATOIRE D'HYGIENE HOSPITALIERE	1	1300	3950	01
670780055	1301	EQUIPE OPERATIONNELLE D'HYGIENE	1	1300	3950	01
670780055	0906	POLE D'ACCUEIL ET DE SOINS - MALENTENDANTS - MAILLON BLANC	1	0910	3950	01
670780055	0202	OPHTALMOLOGIE - EXPLORATIONS FONCTIONNELLES	1	0200	3950	01
670780055	0224	OPHTALMOLOGIE - CHIRURGIE AMBULATOIRE	1	0200	3950	01
670780055	9302	CENTRE DE RETENTION ADMINISTRATIVE	1	0930	3950	01
670780055	0931	CTRE DE DEPISTAGE ET D'INF.ANONYME ET GRATUIT	1	0930	3950	01
670780055	0904	CENTRE SPECIALISE DE SOINS AUX TOXICOMANES - LE FIL D'ARIANE	1	0910	3950	01
670780055	0952	CISIH - CONSULTATION EXTERNES	1	0950	3950	01
670780055	0951	CISIH - HOSPITALISATION DE JOUR	1	0950	3950	01
670780055	0921	MEDECINE INTERNE ET MALADIES TROPIC. ET INFECTIEUSES - HOSP.	1	0920	3950	01
670780055	0922	MEDECINE INTERNE A-HOSPITALISATION	1	0910	3950	01
670780055	0923	MEDECINE INTERNE A - ELECTROCARDIOGRAMME	1	0910	3950	01
670780055	0107	CULTE ET AUMONERIE	1	0130	4170	01
670780055	0301	SERVICE PORTES	1	0130	4170	01
670780055	0131	HOPITAL CIVIL-SERVICES ADMINISTRATIFS	1	0130	4170	01
670780055	2816	OBSTETRIQUE-SURVEILLANCE GROSSESSE A HAUT RISQUE	1	2800	4030	01
670780055	2817	GYNECOLOGIE ET OBSTETRIQUE-ECHOGRAPHIE	1	2800	4030	01
670780055	2823	GYNECOLOGIE-HOSPITALISATION	1	2800	4030	01
670780055	2803	GYNECOLOGIE ET OBSTETRIQUE-BLOC OPERATOIRE	1	2800	4030	01
670780055	2804	GYNECOLOGIE-INTERRUPTION VOLONTAIRE DE GROSSESSE	1	2800	4030	01
670780055	2811	GYNECOLOGIE-HOSPITALISATION	1	2800	4030	01
670780055	2011	CHAMBRES MORTUAIRES NHC	1	0130	4170	01
670780055	1503	BIBLIOTHEQUE NHC	1	0130	4170	01
670780055	1063	LIEU DE CULTE NHC	1	0130	4170	01
670780055	1016	DIRECTION DE SITE - ANTENNE NHC	1	0130	4170	01
670780055	1014	ENTRETIEN NHC	1	0130	4170	01
670780055	1705	CRECHE - HC - PORTE PRINCIPALE	1	0130	4170	01
670780055	0121	HOPITAL LYAUTEY-COMPTE COMMUN	1	0135	4170	01
670780055	9999	UF FICTIVE	1	9999	4150	01
670780055	0123	ADMISSIONS ET CONSULTATIONS EXTERNES -MISSIONS TRANSVERSALES	1	0120	4150	01
670780055	0125	ADMISSIONS ET CONSULTATIONS EXTERNES - HOPITAL CIVIL	1	0120	4150	01
670780055	3718	NEPHROLOGIE-HOSPITALISATION	1	3700	4070	01
670780055	3776	NEPHROLOGIE HEMODIALYSE-CONSULTATIONS EXTERNES	1	3700	4070	01
670780055	3777	NEPHROLOGIE HEMODIALYSE-EXPLORATIONS FONCTIONNELLES	1	3700	4070	01
670780055	3324	CHIRURGIE UROLOGIQUE-HOSPITALISATION	1	3300	4070	01
670780055	3334	CHIRURGIE UROLOGIQUE-HOSPITALISATION	1	3300	4070	01
670780055	3339	CHIRURGIE UROLOGIQUE-HOSPITALISATION DE SEMAINE	1	3300	4070	01
670780055	3319	CHIRURGIE UROLOGIQUE-SALLE OPERATOIRE	1	3300	4070	01
670780055	1513	ENDOCRINO.ET DIABETOLOGIE-HOSPITALISATION DE SEMAINE	1	1570	4070	01
670780055	1516	ENDOCRINO.ET DIABETOLOGIE-HOSPITALISATION DE JOUR	1	1570	4070	01
670780055	1107	SSPI - SECTEUR AMBULATOIRE	1	2105	4010	01
670780055	2109	ANESTHESIOLOGIE - IMAGERIE	1	2105	4010	01
670780055	2108	ANESTHESIOLOGIE - AMBULATOIRE	1	2105	4010	01
670780055	2107	ANESTHESIOLOGIE URO-DIGESTIVE	1	2105	4010	01
670780055	2106	ANESTHESIOLOGIE CARDIO-VASCULAIRE ET THORACIQUE	1	2105	4010	01
670780055	1039	ANESTHESIOLOGIE - CONSULTATIONS EXTERNES	1	2105	4010	01
670780055	8404	REGULATION LIBERALE	1	8400	4010	01
670780055	3373	REANIMATION CHIRURGICALE TRANSPLANTATIONS-CHIRURGIE A	1	4210	4010	01
670780055	8402	S.A.M.U-CENTRE 15	1	8400	4010	01
670780055	8403	S.M.U.R.	1	8400	4010	01
670780055	4226	ANESTHESIOLOGIE-CLINIQUE GYNECOLOGIQUE OBSTETRIQUE	1	4220	4010	01
670780055	4227	ANESTHESIOLOGIE-CLINIQUE OPHTALMOLOGIQUE	1	4220	4010	01
670780055	4221	ANESTHESIOLOGIE	1	4220	4010	01
670780055	4222	ANESTHESIOLOGIE-REVEIL PAVILLON CHIRURGICAL A	1	4220	4010	01
670780055	4223	ANESTHESIOLOGIE-PAVILLON CHIRURGICALE B	1	4220	4010	01
670780055	4231	ANESTHESIOLOGIE-CHIRURGIE CARDIO.VASCULAIRE	1	4220	4010	01
670780055	4232	ANESTHESIOLOGIE-CHIRURGIE UROLOGIQUE	1	4220	4010	01
670780055	4233	ANESTHESIOLOGIE-CHIRURGIE GENERALE	1	4220	4010	01
670780055	4234	ANESTHESIOLOGIE-CHIRURGIE THORACIQUE	1	4220	4010	01
670780055	3618	REANIMATION CHIRURGICALE CHIRURGIE B-HOSPITALISATION	1	4210	4010	01
670780055	3312	REANIMATION CHIRURGICALE - CHIRURGIE CARDIAQUE ET VASCULAIRE	1	4210	4010	01
670780055	3371	REANIMATION CHIRURGICALE CHIRURGIE A-HOSPITALISATION	1	4210	4010	01
670780055	4228	ANESTHESIOLOGIE-RADIO.VASC.SCANNER	1	4220	4010	01
670780055	1314	CARDIOLOGIE - HOSPITALISATION - UNITE 4	1	1310	3960	01
670780055	1313	CARDIOLOGIE - HOSPITALISATION - UNITE 3	1	1310	3960	01
670780055	1312	CARDIOLOGIE - HOSPITALISATION - UNITE 2	1	1310	3960	01
670780055	1311	CARDIOLOGIE ET MALADIES VASCULAIRES-HOSPITALISATION-UNITE 1	1	1305	3960	01
670780055	1309	CARDIOLOGIE-MALADIES VASCULAIRES - HOSPITALISATION - UNITE 4	1	1305	3960	01
670780055	1308	CARDIOLOGIE - HOSPITALISATION - UNITE 3	1	1305	3960	01
670780055	1307	CARDIOLOGIE - HOSPITALISATION - UNITE 2	1	1305	3960	01
670780055	1306	CARDIOLOGIE - HOSPITALISATION - UNITE 1	1	1305	3960	01
670780055	1207	CHIRURGIE CARDIAQUE ET VASCULAIRE - SURVEILLANCE CONTINUE	1	1210	3960	01
670780055	1206	CHIRURGIE VASCULAIRE - HOSPITALISATION	1	1205	3960	01
670780055	1204	CHIRURGIE CARDIO-VASCULAIRE - HOSPITALISATION	1	1200	3960	01
670780055	1122	CHIRURGIE CARDIAQUE ET VASCULAIRE - CHIRURGIE AMBULATOIRE	1	1210	3960	01
670780055	1101	SOINS INTENSIFS DE CARDIOLOGIE - USIC	1	1310	3960	01
670780055	1103	CARDIOLOGIE - HOSPITALISATION DE JOUR	1	1310	3960	01
670780055	1109	CHIRURGIE CARDIAQUE ET VASCUALIRE - BLOC OPERATOIRE	1	1210	3960	01
670780055	1102	CARDIOLOGIE INVASIVE	1	1310	3960	01
670780055	1037	EXPLORATIONS FONCTIONNELLES CARDIO-VASCULAIRES	1	1310	3960	01
670780055	1041	PHARMACOVIGILANCE - CENTRE REGIONAL	1	1310	3960	01
670780055	1036	CARDIO.-MALADIES VASC.-CHIR.CARDIO-VASCULAIRE-CONSULTATIONS	1	1310	3960	01
670780055	3387	CHIRURGIE VASCULAIRE - HOSPITALISATION	1	3325	3960	01
670780055	3386	CHIRURGIE CARDIO-VASCULAIRE - HOSPITALISATION	1	3325	3960	01
670780055	3316	CHIRURGIE CARDIAQUE ET VASCULAIRE - SALLES OPERATOIRES	1	3325	3960	01
670780055	2201	HYPERTENSION ET MALADIES VASC-CONSULTATIONS EXTERNES	1	2200	3960	01
670780055	3306	CHIRURGIE CARDIAQUE ET VASCULAIRE - CONSULTATIONS EXTERNES	1	3325	3960	01
670780055	3742	CARDIOLOGIE-CONSULTATIONS EXTERNES	1	3705	3960	01
670780055	3706	CARDIOLOGIE-HOSPITALISATION	1	3705	3960	01
670780055	3707	CARDIOLOGIE-UNITE DE SOINS INTENSIFS CARDIOLOGIQUES	1	3705	3960	01
670780055	3728	CARDIOLOGIE-HOSPITALISATION DE SEMAINE	1	3705	3960	01
670780055	3732	CARDIOLOGIE-EXPLORATIONS FONCTIONNELLES	1	3705	3960	01
670780055	3321	CHIRURGIE CARDIO.VASCULAIRE-HOSPITALISATION	1	3315	3960	01
670780055	3313	CHIRURGIE CARDIAQUE ET VASCULAIRE - HEMODYNAMIQUE	1	3325	3960	01
670780055	3314	CHIRURGIE CARDIAQUE ET VASCULAIRE-EXPLORATION FONCTIONNELLE	1	3325	3960	01
670780055	3322	CHIRURGIE VASCULAIRE - HOSPITALISATION	1	3320	3960	01
670780055	2203	HYPERTENSION ET MALADIES VASC-HOSPITALISATION	1	2200	3960	01
670780055	2204	HYPERTENSION ET MALADIES VASC-HOSPITALISATION	1	2200	3960	01
670780055	2206	HYPERTENSION ET MALADIES VASCULAIRES-E.C.G.	1	2200	3960	01
670780055	2207	CENTRE REGIONAL DE PHARMACOVIGILANCE	1	2200	3960	01
670780055	1119	UROLOGIE - CHIRURGIE AMBULATOIRE	1	2300	4070	01
670780055	2313	NEPHROLOGIE - HOSPITALISATION	1	2310	4070	01
670780055	2311	NEPHROLOGIE - SOINS INTENSIFS	1	2310	4070	01
670780055	2302	UROLOGIE - HOSPITALISATION - UNITE 2	1	2300	4070	01
670780055	2301	UROLOGIE - HOSPITALISATION - UNITE 1	1	2300	4070	01
670780055	2024	NEPHROLOGIE - HOSPITALISATION DE JOUR	1	2310	4070	01
670780055	2117	UROLOGIE - BLOC OPERATOIRE	1	2300	4070	01
670780055	2312	NEPHROLOGIE - DIALYSE AIGUE	1	2310	4070	01
670780055	2022	NEPHROLOGIE - DIALYSE PERITONEALE	1	2310	4070	01
670780055	2021	NEPHROLOGIE - DIALYSE	1	2310	4070	01
670780055	2072	UROLOGIE - EXPLORATIONS FONCTIONNELLES	1	2300	4070	01
670780055	2026	NEPHROLOGIE - EXPLORATIONS FONCTIONNELLLES	1	2310	4070	01
670780055	2071	UROLOGIE - CONSULTATIONS EXTERNES	1	2300	4070	01
670780055	9617	PHRC 1996-PROFESSEUR CHRISTIAN MARESCAUX	1	9600	4120	01
670780055	9612	PHRC 1995-PROFESSEUR DANION	1	9600	4120	01
670780055	9611	PHRC 1997-INSERM EPIPAGE	1	9600	4120	01
670780055	9606	PHRC 1995-PROFESSEUR SAHEL	1	9600	4120	01
670780055	3023	PSYCHIATRIE 1 - CATTP	1	3015	4040	01
670780055	3019	PSYCHIATRIE 2 - SEJOURS THERAPEUTIQUES	1	3010	4040	01
670780055	3036	CELLULE D'URGENCES MEDICO-PSYCHOLOGIQUES	1	3000	4040	01
670780055	3034	FIDUPSY ERSTEIN	1	3000	4040	01
670780055	3033	FIDUPSY EPSAN BRUMATH	1	3000	4040	01
670780055	3032	FIDUPSY EPSAN HOERDT	1	3000	4040	01
670780055	3031	FIDUPSY CHU	1	3000	4040	01
670780055	3017	PSYCHIATRIE 2 - CATTP	1	3010	4040	01
670780055	3016	LABORATOIRE DE PSYCHOLOGIE	1	3015	4040	01
670780055	8716	CMP MEINAU - CONSULTATIONS EXTERNES	1	3015	4040	01
670780055	3022	PSYCHIATRIE MERE-ENFANT-HOSP.ENFANT	1	3020	4040	01
670780055	3021	PSYCHIATRIE MERE-ENFANT-HOSP.MERE	1	3020	4040	01
670780055	3009	ACCUEIL ET URGENCES PSYCH-HOSP.LITS PORTE	1	3000	4040	01
670780055	3005	ACCUEIL ET URGENCES PSYCH-CONS.EXTERNES	1	3000	4040	01
670780055	3007	PSYCHIATRIE 1-HOSPITALISATION DE NUIT	1	3015	4040	01
670780055	8711	PSYCHIATRIE ADULTE-SUIVI EXTRA-HOSPITALIER	1	8800	4040	01
670780055	3011	PSYCHIATRIE 2-HOSPITALISATION	1	3010	4040	01
670780055	3012	PSYCHIATRIE 2-HOSPITALISATION DE NUIT	1	3010	4040	01
670780055	3013	PSYCHIATRIE 2-HOSPITALISATION	1	3010	4040	01
670780055	3014	PSYCHIATRIE 2-HOSPITALISATION DE NUIT	1	3010	4040	01
670780055	3081	PSYCHIATRIE-NETTOYAGE	1	3080	4040	01
670780055	3082	PSYCHIATRIE-TRAITEMENT PERSONNEL MEDICAL	1	3080	4040	01
670780055	3091	PSYCHIATRIE-ERGOTHERAPIE	1	3010	4040	01
670780055	3018	PSYCHIATRIE 2-HOSPITALISATION DE JOUR	1	3010	4040	01
670780055	3002	PSYCHIATRIE 1-CONSULTATIONS EXTERNES	1	3015	4040	01
670780055	3003	PSYCHIATRIE 1-HOSPITALISATION	1	3015	4040	01
670780055	3004	PSYCHIATRIE 1-HOSPITALISATION DE NUIT	1	3015	4040	01
670780055	3006	PSYCHIATRIE 1-HOSPITALISATION	1	3015	4040	01
670780055	2061	MEDECINE NUCLEAIRE - EXPLORATIONS FONCTIONNELLES IN VIVO	1	1070	4090	01
670780055	2056	URGENCES - RADIOLOGIE	1	1070	4090	01
670780055	1104	RADIOLOGIE VASCULAIRE	1	1070	4090	01
670780055	1073	RADIOLOGIE ET ECHOGRAPHIE NHC	1	1070	4090	01
670780055	1072	SCANNERS	1	1070	4090	01
670780055	1071	IRM	1	1070	4090	01
670780055	4501	EXPLORATIONS FONCTIONNELLES IN VIVO	1	4500	4090	01
670780055	3101	I.R.M.-PAVILLON CLOVIS VINCENT	1	3100	4090	01
670780055	3317	RADIOLOGIE B-PAV.CHIR.A-VISCERALE ET UROLOGIQUE	1	3605	4090	01
670780055	3607	RADIOLOGIE A-PAV.CHIRURGICAL B-SENOLOGIE	1	3305	4090	01
670780055	3719	RADIOLOGIE B-CLINIQUE MEDICALE B	1	3605	4090	01
670780055	3606	RADIOLOGIE B-PAVILLON CHIRURGICAL B	1	3605	4090	01
670780055	3307	RADIOLOGIE A-CHIRURGIE A	1	3305	4090	01
670780055	3192	RADIOLOGIE B-PAV.CLOVIS VINCENT-SCANNER	1	3605	4090	01
670780055	2103	RADIOLOGIE B-HOPITAL LYAUTEY	1	3605	4090	01
670780055	0905	RADIOLOGIE A-MEDICALE A	1	3305	4090	01
670780055	3414	PLATE-FORME DE GENETIQUE MOLECULAIRE DES CANCERS	1	3410	4080	01
670780055	2088	MEDECINE LEGALE - CONSULTATIONS EXTERNES	1	1420	4080	01
670780055	3432	CENTRE NATIONAL DE REFERENCE BORELLIA	1	3430	4080	01
670780055	3451	LABORATOIRE DE PARASITOLOGIE ET DE MYCOLOGIE MEDICALE	1	3450	4080	01
670780055	3441	LABORATOIRE DE VIROLOGIE	1	3440	4080	01
670780055	3431	LABORATOIRE DE BACTERIOLOGIE	1	3430	4080	01
670780055	3413	RESEAU DE NEUROGENETIQUE MOLECULAIRE	1	3410	4080	01
670780055	3412	ONCOGENETIQUE MOLECULAIRE	1	3410	4080	01
670780055	7351	LABORATOIRE DE TOXICOLOGIE	1	3340	4080	01
670780055	3411	LABORATOIRE DE DIAGNOSTIC G¿N¿TIQUE	1	3410	4080	01
670780055	3403	INSTITUT DE CHIMIE BIOLOGIQUE	1	3400	4080	01
670780055	3402	BIOCHIMIE G¿N¿RALE - PAVILLON POINCAR¿	1	3400	4080	01
670780055	4502	EXPLORATIONS FONCTIONNELLES IN VITRO	1	4500	4080	01
670780055	9329	CENTRE D'ETUDE ET DE CONSERVATION DES OEUFS ET SPERME HUMAIN	1	0610	4080	01
670780055	9328	LABORATOIRE D'EXPLORATIONS FONCTIONNELLES EN SPERMIOLOGIE	1	0610	4080	01
670780055	9327	LABORATOIRE DE DIAGNOSTIC PREIMPLANTATOIRE-ATENNE CMCO	1	0610	4080	01
670780055	9326	ASSISTANCE MEDICALE A LA PROCREATION-ANT.CMCO	1	0610	4080	01
670780055	3341	CONS.EXT.DE MEDECINE LEGALE ET D'URGENCES MEDICO-JUDICIAIRES	1	3340	4080	01
670780055	4972	DIETETIQUE-HOPITAL CIVIL	1	4930	4140	01
670780055	1031	ARCHIVES NHC	1	3630	4110	01
670780055	3637	NEPHROLOGIE - HOSPITALISATION DE JOUR - HC	1	3630	4110	01
670780055	3636	ALLERGOLOGIE - PNEUMO. - HOSPITALISATION DE JOUR - HC	1	3630	4110	01
670780055	3635	CARDIOLOGIE - HOSPITALISATION DE JOUR - HC	1	3630	4110	01
670780055	3634	CHIRURGIE AMBULATOIRE - HC	1	3630	4110	01
670780055	3633	MEDECINE - HOSPITALISATION DE JOUR - HC	1	3630	4110	01
670780055	3632	CENTRE DE GESTION DES DOSSIERS PATIENTS	1	3630	4110	01
670780055	2701	MEDECINE DU TRAVAIL-HOPITAL CIVIL	1	3600	4110	01
670780055	3631	DEPARTEMENT D'INFORMATION MEDICALE	1	3630	4110	01
670780055	3601	PATHOLOGIE PROFESSIONNELLE ET MEDECINE DU TRAVAIL	1	3600	4110	01
670780055	3725	MEDECINE INTERNE B-SURVEILLANCE CONTINUE	1	3715	4060	01
670780055	3721	MEDECINE INTERNE B-HOSPITALISATION	1	3715	4060	01
670780055	3722	MEDECINE INTERNE B-HOSPITALISATION	1	3715	4060	01
670780055	3723	MEDECINE INTERNE B-HOSPITALISATION	1	3715	4060	01
670780055	3731	MEDECINE INTERNE B-EXPLORATIONS FONCTIONNELLES	1	3715	4060	01
670780055	3741	MEDECINE INTERNE B-CONSULTATIONS EXTERNES	1	3715	4060	01
670780055	3781	MEDICALE B-NETTOYAGE	1	3780	4060	01
670780055	3724	MEDECINE INTERNE B-HOSPITALISATION DE SEMAINE	1	3715	4060	01
670780055	3782	MEDICALE B-TRAITEMENT PERSONNEL MEDICAL	1	3780	4060	01
670780055	3716	MEDECINE INTERNE B-HOSPITALISATION	1	3715	4060	01
670780055	3226	CENTRE DE REFERENCE - EPILEPSIES RARES - ADULTES	1	3210	3980	01
670780055	3224	CENTRE DE REFERENCE-MALADIES NEUROMUSCULAIRES RARES-ADULTES	1	3210	3980	01
670780055	3223	NEUROLOGIE - HOSPITALISATION DE JOUR	1	3210	3980	01
670780055	3206	EXPLORATIONS FONCTIONNELLES DU SYSTEME NERVEUX	1	3210	3980	01
670780055	3222	NEUROLOGIE - OCULOGRAPHIE	1	3210	3980	01
670780055	3231	NEUROLOGIE - SERVICES COMMUNS	1	3230	3980	01
670780055	3203	NEUROLOGIE - CONSULTATIONS EXTERNES	1	3210	3980	01
670780055	3232	NEUROLOGIE-TRAITEMENT PERSONNEL MEDICAL	1	3230	3980	01
670780055	3112	UNITE NEUROVASCULAIRE	1	3210	3980	01
670780055	3202	NEUROLOGIE - HOSPITALISATION	1	3210	3980	01
670780055	3207	NEUROLOGIE - ELECTROMYOGRAPHIE	1	3210	3980	01
670780055	3211	NEUROLOGIE - HOSPITALISATION DE SEMAINE	1	3210	3980	01
670780055	3212	NEUROLOGIE - EPILEPSIE - HOSPITALISATION	1	3210	3980	01
670780055	3123	NEUROLOGIE - HOSPITALISATION	1	3210	3980	01
670780055	3217	PATHOLOGIE DU SOMMEIL-HOSPITALISATION DE SEMAINE	1	3210	3980	01
670780055	3208	PATHOLOGIE DU SOMMEIL-EXPLORATIONS FONCTIONNELLES	1	3210	3980	01
670780055	3219	NEUROLOGIE - EPILEPSIE - EXPLO.FONCTIONNELLES	1	3210	3980	01
670780055	3218	PATHOLOGIE DU SOMMEIL-CONSULTATIONS EXTERNES	1	3210	3980	01
670780055	3221	NEUROLOGIE - ORTHOPHONIE	1	3210	3980	01
670780055	4236	ANESTHESIOLOGIE - CMCO - SIHCUS	1	4220	4010	01
670780055	1106	REANIMATION CHIRURGICALE - GREFFES CARDIAQUES	1	2130	4010	01
670780055	2119	ANESTHESIOLOGIE- SIEGE DES EQUIPES	1	2105	4010	01
670780055	1126	ANESTHESIOLOGIE- RADIOLOGIE ET CARDIOLOGIE INTERVENTIONNELLE	1	2105	4010	01
670780055	8406	SOUS-TRAITANCE TRANSPORTS MEDICALISES - AMBULANCES PRIVEES	1	8400	4010	01
670780055	2132	REANIMATION CHIRURGICALE - GREFFES PULMONAIRES	1	2130	4010	01
670780055	2131	REANIMATION CHIRURGICALE POLYVALENTE	1	2130	4010	01
670780055	1108	REANIMATION CHIRURGICALE CARDIO-VASCULAIRE	1	2130	4010	01
670780055	1074	SSPI - SECTEUR IMAGERIE	1	2105	4010	01
670780055	1114	SSPI - BLOC OPERATOIRE CENTRAL	1	2105	4010	01
670780055	9704	PHRC NATIONAL 2003 - DR VIVILLE S.	1	9600	4120	01
670780055	9703	PHRC NATIONAL 2003 - PR STEIB A.	1	9600	4120	01
670780055	9702	PHRC R. 2003 - PR BELLOCQ JP.	1	9600	4120	01
670780055	9701	PHRC R. 2003 - PR PASQUALI JL.	1	9600	4120	01
670780055	9700	PHRC R. 2003 - DR LE GOURRIER L.	1	9600	4120	01
670780055	9699	PHRC R. 2003 - PR ENTZ WERLE N.	1	9600	4120	01
670780055	9698	PHRC R. 2003 - PR BOUSQUET P.	1	9600	4120	01
670780055	9697	PHRC R. 2003 - DR BALABAUD V.	1	9600	4120	01
670780055	9696	PHRC R. 2003 - PR DE BLAY F.	1	9600	4120	01
670780055	9695	PHRC R. 2003 - PR SCHNEIDER F.	1	9600	4120	01
670780055	9694	PROJET ANALYSE PHENOTYPIQUE DES MODELES ANIMAUX	1	9600	4120	01
670780055	9691	PROJET PAMINA	1	9600	4120	01
670780055	9690	PROJET DEPISTAGE - PRS OUDET / JACQMIN	1	9600	4120	01
670780055	9689	PROJET SPINE BALANCE - PR STEIB JP.	1	9600	4120	01
670780055	9688	PHRC - R. 2002 - DR HENON P.	1	9600	4120	01
670780055	9687	PHRC - R. 2002 - DR ALEIL B.	1	9600	4120	01
670780055	9686	PHRC - R. 2002 - DR DELABRANCHE X.	1	9600	4120	01
670780055	9685	PHRC - R. 2002 - PR DANION JM.	1	9600	4120	01
670780055	9684	PHRC - R. 2002 - DR LE LOUARN A.	1	9600	4120	01
670780055	9683	PHRC - R. 2002 - PR MOULIN B.	1	9600	4120	01
670780055	9682	PHRC - N. 2002 - DR DOLLFUS H.	1	9600	4120	01
670780055	9681	PHRC - N. 2002 - PR DANION JM.	1	9600	4120	01
670780055	9680	PHRC - N. 2002 - PR BERGERAT JP.	1	9600	4120	01
670780055	9671	PHRC-R.2002-DR REY D.	1	9600	4120	01
670780055	9677	PHRC-R.2002-DR RICHARD R.	1	9600	4120	01
670780055	9676	PHRC-R.2002-DR METZ-LUTZ MN.	1	9600	4120	01
670780055	9675	PHRC-R.2002-PR STOLL-KELLER F.	1	9600	4120	01
670780055	9674	PHRC-R.2002-PR WARTER JM.	1	9600	4120	01
670780055	9673	PHRC-R.2002-PR BOEHM N.	1	9600	4120	01
670780055	9670	PHRC-R.2002-PR QUOIX E.	1	9600	4120	01
670780055	9669	PHRC-R.2002-PR KRETZ JG	1	9600	4120	01
670780055	9668	ISIC - 2002 - PR GRUCKER D.	1	9600	4120	01
670780055	9667	API 2002 - DR LEVY F.	1	9600	4120	01
670780055	9666	API 2002 - DR MANIERE M.C.	1	9600	4120	01
670780055	9665	API 2002 - PR DEBRY C.	1	9600	4120	01
670780055	9664	API 2002 - PR BERGERAT J.P.	1	9600	4120	01
670780055	9663	API 2002 - DR MULLER A.	1	9600	4120	01
670780055	9662	API 2002 - PR DE BLAY F.	1	9600	4120	01
670780055	9661	API 2002 - PR DANION J.M.	1	9600	4120	01
670780055	9660	PHRC 2001 - DR HARNET	1	9600	4120	01
670780055	9659	PHRC 2001 - PR GRUCKER	1	9600	4120	01
670780055	9658	PHRC 2001 - DR PROVOST	1	9600	4120	01
670780055	9657	PHRC 2001 - PR GENY	1	9600	4120	01
670780055	9656	PHRC 2001 - DR MARLIER	1	9600	4120	01
670780055	9655	PHRC 2001 - DR DORAY	1	9600	4120	01
670780055	9654	PHRC 2001 - DR VAYSSIERE	1	9600	4120	01
670780055	9653	PHRC 2001 - PR BERGERAT	1	9600	4120	01
670780055	9652	PHRC 2001 - PR DOFFOEL	1	9600	4120	01
670780055	9651	PHRC 2001 - PR LESSARD	1	9600	4120	01
670780055	9650	PHRC 2001 - PR SCHNEIDER	1	9600	4120	01
670780055	9649	PHRC 2001 - PR STEIB ANNICK	1	9600	4120	01
670780055	9648	PHRC 2001 - PR TENNENBAUM	1	9600	4120	01
670780055	9647	PHRC 2001 - PR JAECK	1	9600	4120	01
670780055	9646	PHRC 2001 - PR MARK	1	9600	4120	01
670780055	9645	PHRC 2001 - PR MAZUCOTELLI	1	9600	4120	01
670780055	9644	PHRC 2001 - PR MESSER	1	9600	4120	01
670780055	9643	PHRC 2000 - DR GIERSCH	1	9600	4120	01
670780055	9642	PHRC 2000 - DR BABIN-BOILLETOT	1	9600	4120	01
670780055	9641	PHRC 2000 - PR SAHEL	1	9600	4120	01
670780055	9638	PHRC 1998 - PROFESSEUR HANNEDOUCHE	1	9600	4120	01
670780055	9636	A.O.HUS 1999-DOCTEUR LIMACHER	1	9600	4120	01
670780055	9634	A.O.HUS 1999-DOCTEUR VIVILLE	1	9600	4120	01
670780055	9633	PHRC 1998-PROFESSEUR STEPHAN	1	9600	4120	01
670780055	9632	PHRC 1998-PROFESSEUR LONSDORFER	1	9600	4120	01
670780055	9631	PHRC 1998-PROFESSEUR BURSZTEJN	1	9600	4120	01
670780055	9628	PHRC 1997-DOCTEUR LEVY	1	9600	4120	01
670780055	9625	PHRC 1997-PROFESSEUR GRUCKER	1	9600	4120	01
670780055	9623	PHRC 1997-PROFESSEUR SAHEL	1	9600	4120	01
670780055	9621	PHRC 1997-DOCTEUR HENTZ	1	9600	4120	01
670780055	9620	PHRC 1997-PROFESSEUR KRIEGER	1	9600	4120	01
670780055	9339	CENTRE D'INVESTIGATION CLINIQUE - CREDITS RECHERCHE	1	9600	4100	01
670780055	9338	CENTRE D'INVESTIGATION CLINIQUE - CREDITS DG	1	9600	4100	01
670780055	2084	PNEUMOLOGIE - HOSPITALISATION DE JOUR	1	1400	3970	01
670780055	1404	PNEUMOLOGIE - HOSPITALISATION - UNITE 4	1	1400	3970	01
670780055	1403	PNEUMOLOGIE - HOSPITALISATION - UNITE 3	1	1400	3970	01
670780055	1402	PNEUMOLOGIE - SURVEILLANCE CONTINUE - UNITE 2	1	1400	3970	01
670780055	1401	PNEUMOLOGIE - HOSPITALISATION - UNITE 1	1	1400	3970	01
670780055	1203	CHIRURGIE THORACIQUE - SURVEILLANCE CONTINUE	1	1100	3970	01
670780055	1123	CHIRURGIE THORACIQUE - CHIRURGIE AMBULATOIRE	1	1100	3970	01
670780055	1051	ALLERGOLOGIE - HOSPITALISATION DE JOUR	1	1400	3970	01
670780055	1112	CHIRURGIE THORACIQUE - BLOC OPERATOIRE	1	1100	3970	01
670780055	1116	CHIRURGIE THORACIQUE ET PNEUMOLOGIE - ENDOSCOPIE	1	1400	3970	01
670780055	1058	EXPLORATIONS FONCTIONNELLES RESPIRATOIRES	1	1055	3970	01
670780055	1057	MUCOVISCIDOSE - CRCM ADULTES	1	1400	3970	01
670780055	1056	PNEUMOLOGIE - CONSULTATIONS EXTERNES	1	1400	3970	01
670780055	1038	CHIRURGIE THORACIQUE - CONSULTATIONS EXTERNES	1	1100	3970	01
670780055	1202	CHIRURGIE THORACIQUE - HOSPITALISATION	1	1100	3970	01
670780055	1059	EXPLORATIONS FONCTIONNELLES A L'EXERCICE	1	1055	3970	01
670780055	3353	EXPLORATIONS FONCTIONNELLES CARDIO-VASCULAIRES	1	3480	3970	01
670780055	3503	CHIRURGIE THORACIQUE-CONSULTATIONS EXTERNES	1	3500	3970	01
670780055	2122	PNEUMOLOGIE - HOSPITALISATION. HOPITAL LYAUTEY	1	2100	3970	01
670780055	3512	CHIRURGIE THORACIQUE-SURVEILLANCE CONTINUE	1	3500	3970	01
670780055	3481	EXPLORATIONS FONCTIONNELLES RESPIRATOIRES	1	3480	3970	01
670780055	3501	CHIRURGIE THORACIQUE-BRONCHOSCOPIE	1	3500	3970	01
670780055	3511	CHIRURGIE THORACIQUE-HOSPITALISATION	1	3500	3970	01
670780055	3609	CHIRURGIE THORACIQUE-HOSPITALISATION	1	3500	3970	01
670780055	3513	CHIRURGIE THORACIQUE-SALLE OPERATOIRE	1	3500	3970	01
670780055	2121	PNEUMOLOGIE - HOSPITALISATION. HOPITAL LYAUTEY	1	2100	3970	01
670780055	0912	EXPLORATIONS FONCTIONNELLES A L'EXERCICE	1	3480	3970	01
670780055	2101	PNEUMOLOGIE - HOSPITALISATION. HOPITAL LYAUTEY	1	2100	3970	01
670780055	2102	PNEUMOLOGIE - BRONCHOSCOPIE. HOPITAL LYAUTEY	1	2100	3970	01
670780055	2104	PNEUMOLOGIE - CONSULTATIONS EXTERNES. HOPITAL LYAUTEY	1	2100	3970	01
670780055	2112	PNEUMOLOGIE- EPREUVES FONCTIONN. RESPIRATOIRES. HOP. LYAUTEY	1	2100	3970	01
670780055	2113	PNEUMOLOGIE - ALLERGOLOGIE. HOPITAL LYAUTEY	1	2100	3970	01
670780055	2116	PNEUMOLOGIE - HOSPITALISATION DE JOUR. HOPITAL LYAUTEY	1	2100	3970	01
670780055	9791	PROJET INNOVATION CARMEN	1	9600	4120	01
670780055	9790	PROJET INCA LILLY - DR MATHELIN	1	9600	4120	01
670780055	9789	PHRC N. - PR DOLLFUS	1	9600	4120	01
670780055	9788	PHRC N. - DR PAIN	1	9600	4120	01
670780055	9787	STIC 2007 - PR WILK A.	1	9600	4120	01
670780055	9786	STIC 2007 - PR PIEMONT Y.	1	9600	4120	01
670780055	9785	STIC 2007 - PR MAZZUCOTELLI JP.	1	9600	4120	01
670780055	9784	STIC 2007 - PR CHAUVIN M.	1	9600	4120	01
670780055	9783	PROJET ANR - ECOLE D'AUSCULTATION - PR ANDRES	1	9600	4120	01
670780055	9782	PHRC INTERREGIONAL 2007 - PR DE BLAY	1	9600	4120	01
670780055	9781	PHRC INTERREGIONAL 2007 - DR FOUCHER	1	9600	4120	01
670780055	9780	PHRC INTERREGIONAL 2007 - PR DOFFOEL	1	9600	4120	01
670780055	9779	PHRC INTERREGIONAL 2007 - PR BOURCIER	1	9600	4120	01
670780055	9778	PHRC INTERREGIONAL 2007 - DR KINDO	1	9600	4120	01
670780055	9777	PHRC INTERREGIONAL 2007 - PR HANSMANN	1	9600	4120	01
670780055	9776	PHRC INTERREGIONAL 2007 - DR PESSAUX	1	9600	4120	01
670780055	9775	STIC 2005 - PR WILK	1	9600	4120	01
670780055	9774	PROJET DE RECHERCHE - ADIRAL - PR KESSLER	1	9600	4120	01
670780055	1329	UNITE DE COORDINATION DE LA BIOLOGIE DES ESSAIS CLINIQUES	1	9600	4120	01
670780055	1043	CENTRE D'INVESTIGATION CLINIQUE - CREDITS RECHERCHE	1	9600	4120	01
670780055	1042	CENTRE D'INVESTIGATION CLINIQUE - CREDITS DG	1	9600	4120	01
670780055	9766	STIC 2006 - PR STEIB	1	9600	4120	01
670780055	9765	STIC 2006 - PR KESSLER	1	9600	4120	01
670780055	9764	STIC 2006 - DR COUMAROS	1	9600	4120	01
670780055	9763	STIC 2006 - DRS OHLMANN-WOLF V.	1	9600	4120	01
670780055	9762	STIC 2006 - PR FISCHBACH	1	9600	4120	01
670780055	9761	STIC 2006 - DR FAFI-KREMER	1	9600	4120	01
670780055	2138	REANIMATION MEDICALE - UNITE 3	1	2135	4180	01
670780055	2137	REANIMATION MEDICALE - UNITE 2	1	2135	4180	01
670780055	2136	REANIMATION MEDICALE - UNITE 1	1	2135	4180	01
670780055	2057	CENTRE ANTI-POISON	1	2055	4180	01
670780055	2054	URGENCES CHIRURGICALES - CONSULTATIONS EXTERNES	1	2050	4180	01
670780055	2053	URGENCES MEDICALES - CONSULTATIONS EXTERNES	1	2050	4180	01
670780055	2052	URGENCES CHIRURGICALES - HOSPITALISATION	1	2050	4180	01
670780055	2051	URGENCES MEDICALES - HOSPITALISATION	1	2050	4180	01
670780055	0807	PERMANENCE D'ACCES AUX SOINS DE SANTE - LA BOUSSOLE	1	0810	4180	01
670780055	0891	CENTRE ANTIPOISON-CONSULTATION TELEPHONIQUE	1	0890	4180	01
670780055	3331	URGENCES CHIRURGICALES-HOSPITALISATION	1	0810	4180	01
670780055	3332	URGENCES-CONSULTATIONS EXTERNES	1	0810	4180	01
670780055	0802	REANIMATION MEDICALE-CONSULTATIONS EXTERNES	1	0800	4180	01
670780055	0803	URGENCES MEDICALES-HOSPITALISATION	1	0810	4180	01
670780055	0806	URGENCES MEDICALES-CONSULTATIONS EXTERNES	1	0810	4180	01
670780055	0812	REANIMATION MEDICALE-HOSPITALISATION	1	0800	4180	01
670780055	0821	REANIMATION MEDICALE-HOSPITALISATION	1	0800	4180	01
670780055	0892	CENTRE ANTIPOISON-TOXICOVIGILANCE	1	0890	4180	01
670780055	1124	CHIRURGIE MAXILLO-FACIALE - CHIRURGIE AMBULATOIRE NHC	1	3610	4050	01
670780055	1421	PLATEAU TECHNIQUE DE BIOLOGIE - NIVEAU 4	1	1420	4050	01
670780055	1321	PLATEAU TECHNIQUE DE BIOLOGIE - NIVEAU 3	1	1420	4050	01
670780055	2601	LABORATOIRE DE DERMATOLOGIE	1	2610	4050	01
670780055	3676	CHIR.MAX-FACIALE ET REPARATRICE-HOSP.CHIR.ESTHETIQUE	1	3610	4050	01
670780055	2621	DERMATOLOGIE-HOSPITALISATION	1	2610	4050	01
670780055	3674	CHIR.MAXILLO.FACIALE ET REPARATRICE-HOSPITALISATION	1	3610	4050	01
670780055	3681	CHIRURGIE B-PERSONNEL COMMUN	1	3680	4050	01
670780055	2501	DERMATOLOGIE-HOSPITALISATION DE JOUR	1	2610	4050	01
670780055	2502	DERMATOLOGIE-CONSULTATIONS EXTERNES	1	2610	4050	01
670780055	2503	DERMATOLOGIE-SALLE OPERATOIRE	1	2610	4050	01
670780055	2504	DERMATOLOGIE-ALLERGOLOGIE	1	2610	4050	01
670780055	3616	CHIR.MAXILLO.FACIALE ET REPARATRICE-CONSULTATIONS EXTERNES	1	3610	4050	01
670780055	3617	CHIR.MAXILLO.FACIALE ET REPARATRICE-SALLE OPERATOIRE	1	3610	4050	01
670780055	3613	CHIR.MAXILLO.FACIALE ET REPARATRICE-SURVEILLANCE CONTINUE	1	3610	4050	01
670780055	3614	CHIRURGIE ORTHOPEDIQUE-KINESITHERAPIE	1	3615	4020	01
670780055	3603	CHIRURGIE ORTHOPEDIQUE-ATELIER ORTHOPEDIQUE	1	3615	4020	01
670780055	3624	CHIR. ORTHOPEDIQUE, RACHIS ET TRAUMATOLOGIE DU SPORT - BLOC	1	3615	4020	01
670780055	3602	CHIR. ORTHOPEDIQUE, RACHIS ET TRAUMATOLOGIE DU SPORT - C.E.	1	3615	4020	01
670780055	3611	CHIRURGIE ORTHOPEDIQUE-HOSPITALISATION	1	3615	4020	01
670780055	9760	STIC 2006 - PR VIVILLE	1	9600	4120	01
670780055	9772	API 2007 - PR NAMER	1	9600	4120	01
670780055	9771	API 2007 - DR KINDO	1	9600	4120	01
670780055	9770	API 2007 - DR FOUCHER	1	9600	4120	01
670780055	9769	API 2007 - DR DESPREZ	1	9600	4120	01
670780055	9768	API 2007 - PR STEPHAN	1	9600	4120	01
670780055	9767	API 2007 - DR CASTELLAIN	1	9600	4120	01
670780055	9759	PROJET REGISTRE - SYNDROMES LYMPHOPROLIFERATIFS	1	9600	4120	01
670780055	9758	PHRC INTER-REGIONAL 2006 - PR DIETEMANN JL.	1	9600	4120	01
670780055	9757	PHRC INTER-REGIONAL 2006 - PR STEIB A.	1	9600	4120	01
670780055	9756	PHRC INTER-REGIONAL 2006 - DR HODE Y.	1	9600	4120	01
670780055	9755	PHRC INTER-REGIONAL 2006 - PR BOUSQUET P.	1	9600	4120	01
670780055	9754	PHRC INTER-REGIONAL 2006 - DR VIDAILHET P.	1	9600	4120	01
670780055	9753	PROJET PRI 3736 PROTIMPLANT - PR DEBRY	1	9600	4120	01
670780055	9752	PROJET EDMUS - DR DE SEZE	1	9600	4120	01
670780055	9751	API 2006 - DR FRANTZEN L.	1	9600	4120	01
670780055	9750	API 2006 - DR DAVID E.	1	9600	4120	01
670780055	9749	API 2006 - PR LANGER B.	1	9600	4120	01
670780055	9748	BJMW - DR SOELL M.	1	9600	4120	01
670780055	9747	PHRC 05 - R - PR VIVILLE S	1	9600	4120	01
670780055	9746	PHRC 05 - R - DR PRADIGNAC A	1	9600	4120	01
670780055	9745	PHRC 05 - R - PR GENY B	1	9600	4120	01
670780055	9744	PHRC 05 - R - DR SELLAL F	1	9600	4120	01
670780055	9743	PHRC 05 - R - DR MARLIER L	1	9600	4120	01
670780055	9742	PHRC 05 - R - DR KIEFFER P	1	9600	4120	01
670780055	9741	PHRC 05 - R - PR DE BLAY F	1	9600	4120	01
670780055	9740	PHRC 2005 - PR DOLLFUS H	1	9600	4120	01
670780055	9739	BOURSE JM WARTER - DR CHASSAGNON	1	9600	4120	01
670780055	9738	API 2004/2005 - DR CHASSAGNON	1	9600	4120	01
670780055	9737	API 2004/2005 - DR GIERSCH	1	9600	4120	01
670780055	9736	API 2004/2005 - PR SIMON	1	9600	4120	01
670780055	9735	API 2004/2005 - PR CHARLOUX	1	9600	4120	01
670780055	9734	API 2004/2005 - DR ST MARTIN	1	9600	4120	01
670780055	9733	API 2004/2005 - PR BECMEUR	1	9600	4120	01
670780055	9732	API 2004/2005 - DR KESSLER	1	9600	4120	01
670780055	9731	PHRC 2004 - DR GOICHOT	1	9600	4120	01
670780055	9730	PHRC 2004 - DR WILT	1	9600	4120	01
670780055	9729	PHRC 2004 - PR GENY	1	9600	4120	01
670780055	9728	PHRC 2004 - DR TSCHILL	1	9600	4120	01
670780055	9727	PHRC 2004 - PR BALDAUF	1	9600	4120	01
670780055	9726	PHRC 2004 - DR GIERSCH	1	9600	4120	01
670780055	9725	PHRC 2004 - DR LE GOURRIER	1	9600	4120	01
670780055	9724	PHRC 2004 - PR JAEGER	1	9600	4120	01
670780055	9723	PHRC 2004 - DR BLONDET	1	9600	4120	01
670780055	9722	PHRC 2004 - PR KRIEGER	1	9600	4120	01
670780055	9721	RESEAUX RECHERCHE CLINIQUE - SANTE DES POPULATIONS	1	9600	4120	01
670780055	9340	UNITE DE COORDINATION DE LA BIOLOGIE DES ESSAIS CLINIQUES	1	9600	4120	01
670780055	9719	PROJET 3294 - DR ALEMBIK Y.	1	9600	4120	01
670780055	9718	PROJET 3292 - PR DOLLFUS H.	1	9600	4120	01
670780055	9717	API 2003 - DR SELLAL F.	1	9600	4120	01
670780055	9716	ETUDE MISTRAL	1	9600	4120	01
670780055	9715	API 2003/2004 - DR BEAU FALLER	1	9600	4120	01
670780055	9714	API 2003/2004 - DR MAUVIEUX L.	1	9600	4120	01
670780055	9713	API 2003/2004 - DR KUHN P.G.	1	9600	4120	01
670780055	9712	API 2003/2004 - DR CLAVERT A,	1	9600	4120	01
670780055	9711	API 2003/2004 - PR GENY B.	1	9600	4120	01
670780055	9710	API 2003/2004 - PR STOLL KELLER	1	9600	4120	01
670780055	9709	API 2003/2004 - PR WEBER J.C.	1	9600	4120	01
670780055	9708	API 2003/2004 - DR MANIERE C.	1	9600	4120	01
670780055	9707	API 2003/2004 - DR CASTELAIN V.	1	9600	4120	01
670780055	9706	API 2003/2004 - DR MATHELIN C.	1	9600	4120	01
670780055	9705	PROJET RECHERCHE - DR SAINT-MARTIN A.	1	9600	4120	01
670780055	1198	CENTRE D'ENDOSCOPIE ET DE CHIRURGIE AMBULATOIRE	1	1295	4250	01
670780055	2199	BLOCS OPERATOIRES CENTRAUX T2	1	2195	4240	01
670780055	1199	BLOCS OPERATOIRES CENTRAUX T1	1	1195	4230	01
670780055	1049	CONSULTATIONS - CARDIOVASCULAIRE-THORACIQUE-ANESTHESIE	1	1045	4220	01
670780055	2099	HOPITAL DE JOUR MEDICAL - NHC	1	2095	4210	01
670780055	1121	CHIRURGIE DIGESTIVE - CHIRURGIE AMBULATOIRE	1	2210	4190	01
670780055	2086	HEPATO-GASTRO-ENTEROLOGIE - HOSPITALISATION DE JOUR	1	2215	4190	01
670780055	2217	HEPATO-GASTRO-ENTEROLOGIE - HOSPITALISATION	1	2215	4190	01
670780055	2216	HEPATO-GASTRO-ENTEROLOGIE - SURVEILLANCE CONTINUE	1	2220	4190	01
670780055	2214	HEPATO-GASTRO-ENTEROLOGIE - HOSPITALISATION - UNITE 3	1	2215	4190	01
670780055	2213	CHIRURGIE DIGESTIVE - HOSPITALISATION - UNITE 3	1	2210	4190	01
670780055	2212	CHIRURGIE DIGESTIVE - HOSPITALISATION - UNITE 2	1	2210	4190	01
670780055	2211	CHIRURGIE DIGESTIVE - HOSPITALISATION - UNITE 1	1	2210	4190	01
670780055	2118	CHIRURGIE DIGESTIVE - BLOC OPERATOIRE	1	2210	4190	01
670780055	2074	CHIRURGIE DIGESTIVE - EXPLORATIONS FONCTIONNELLES	1	2210	4190	01
670780055	1118	HEPATO-GASTRO-ENTEROLOGIE - ENDOSCOPIE	1	2220	4190	01
670780055	2091	HEPATO-GASTRO-ENTEROLOGIE - CONSULTATIONS EXTERNES	1	2215	4190	01
670780055	2073	CHIRURGIE DIGESTIVE - CONSULTATIONS EXTERNES	1	2210	4190	01
670780055	3381	CHIRURGIE A-COMMUN BLOC OPERATOIRE	1	3380	4190	01
670780055	3301	CHIRURGIE GENERALE ET ENDOCRINIENNE-HOSPITALISATION	1	3310	4190	01
670780055	3717	HEPATO.GASTRO.ENTEROLOGIE-HOSPITALISATION DE JOUR	1	3710	4190	01
670780055	3743	HEPATO.GASTRO.ENTEROLOGIE-CONSULTATIONS EXTERNES	1	3710	4190	01
670780055	3711	HEPATO.GASTRO.ENTEROLOGIE-HOSPITALISATION DE SEMAINE	1	3710	4190	01
670780055	3712	HEPATO.GASTRO.ENTEROLOGIE-HOSPITALISATION	1	3710	4190	01
670780055	3713	HEPATO.GASTRO.ENTEROLOGIE-SURVEILLANCE CONTINUE	1	3710	4190	01
670780055	3714	HEPATO.GASTRO.ENTEROLOGIE-EXPLORATIONS FONCTIONNELLES	1	3710	4190	01
670780055	3382	CHIRURGIE A-TRAITEMENT PERSONNEL MEDICAL	1	3380	4190	01
670780055	3302	CHIR.GENERALE ET ENDOCRINIENNE-CONS.SPECIALISEES	1	3310	4190	01
670780055	3303	CHIRURGIE GENERALE ET ENDOCRINIENNE-SALLE OPERATOIRE	1	3310	4190	01
670780055	3352	CHIRURGIE GENERALE ET ENDOCRINIENNE-HOSPITALISATION	1	3310	4190	01
670780055	3372	CHIRURGIE GENERALE ET ENDOCRINIENNE-HOSPITALISATION	1	3310	4190	01
670780055	2023	NEPHROLOGIE - CONSULTATIONS EXTERNES	1	2310	4070	01
670780055	1595	CENTRE DE CURE AMBULATOIRE EN ALCOOLOGIE - HC	1	1570	4070	01
670780055	3734	NEPHROLOGIE-DIALYSE PERITONEALE	1	3700	4070	01
670780055	3701	HEMODIALYSE-HOSPITALISATION AMBULATOIRE	1	3700	4070	01
670780055	1594	ENDOCRINO.ET DIABETOLOGIE-CONSULTATIONS EXTERNES	1	1570	4070	01
670780055	3304	CHIRURGIE UROLOGIQUE-CONSULTATIONS EXTERNES	1	3300	4070	01
670780055	3702	NEPHROLOGIE-HOSPITALISATION	1	3700	4070	01
670780055	3703	NEPHROLOGIE-SURVEILLANCE CONTINUE	1	3700	4070	01
670780055	1522	ENDOCRINO.ET DIABETOLOGIE-HOSPITALISATION	1	1570	4070	01
670780055	3704	HEMODIALYSE-HOSPITALISATION AMBULATOIRE	1	3700	4070	01
670780055	3308	CHIRURGIE UROLOGIQUE-EXPLORATIONS FONCTIONNELLES	1	3300	4070	01
670780055	3709	HEMODIALYSE-POSTES D'ENTRAINEMENT	1	3700	4070	01
670780055	3733	HEMODIALYSE-HOSPITALISATION AMBULATOIRE	1	3700	4070	01
670780055	1061	ADMISSIONS ET CONSULTATIONS EXTERNES NHC	1	0120	4150	01
670780055	0302	SERVICE COURSES-HOPITAL CIVIL	1	0130	4170	01
670780055	5803	SECURITE	1	0130	4170	01
670780055	5861	TRANSPORTS INTERNES DE MALADES	1	0130	4170	01
670780055	4401	DEPOT MORTUAIRE HOPITAL CIVIL	1	0130	4170	01
670780055	3383	CHIRURGIE A- ACCUEIL	1	3380	4170	01
670780055	1703	CRECHE - HC - PORTE KIRSCHLEGER	1	0130	4170	01
670780055	1598	BIBLIOTHEQUE CROIX ROUGE - PAVILLON LERICHE	1	0130	4170	01
670780055	0606	SERVICES HOTELIERS	1	0130	4170	01
670780055	2812	OBSTETRIQUE-POUPONNIERE	1	2800	4030	01
670780055	2813	OBSTETRIQUE-SALLE D'ACCOUCHEMENT	1	2800	4030	01
670780055	2814	GYNECOLOGIE ET OBSTETRIQUE-CONSULTATIONS EXTERNES	1	2800	4030	01
670780055	2801	OBSTETRIQUE-HOSPITALISATION	1	2800	4030	01
670780055	2802	OBSTETRIQUE-HOSPITALISATION DE JOUR	1	2800	4030	01
670780055	2806	GYNECOLOGIE-CHIRURGIE AMBULATOIRE	1	2800	4030	01
670780055	2401	MALADIES INFECTIEUSES ET TROPICALES - HOSPITALISATION	1	2400	3950	01
670780055	1113	OPHTALMOLOGIE - BLOC OPERATOIRE	1	2405	3950	01
670780055	1117	OPHTALMOLOGIE - CHIRURGIE AMBULATOIRE	1	2405	3950	01
670780055	2089	MEDECINE - EXPLORATIONS FONCTIONNELLES	1	2415	3950	01
670780055	2093	OPHTALMOLOGIE - EXPLORATIONS FONCTIONNELLES	1	2405	3950	01
670780055	2083	MALADIES AUTO-IMMUNES-SYSTEMIQUES RARES-CENTRE DE REFERENCE	1	2410	3950	01
670780055	2078	MAILLON BLANC - P.A.S. - MALENTENDANTS	1	2415	3950	01
670780055	2077	FIL D'ARIANE - C.S.S.T	1	2415	3950	01
670780055	2076	CONSULTATION DE DEPISTAGE ANONYME ET GRATUIT - CDAG	1	2410	3950	01
670780055	2081	MEDECINE - HOSPITALISATION DE JOUR	1	2415	3950	01
670780055	2406	OPHTALMOLOGIE - HOSPITALISATION	1	2405	3950	01
670780055	2404	SPECIALITES MEDICALES - SURVEILLANCE CONTINUE	1	2415	3950	01
670780055	2403	MEDECINE INTERNE - HOSPITALISATION	1	2415	3950	01
670780055	2402	IMMUNOLOGIE CLINIQUE - HOSPITALISATION	1	2410	3950	01
670780055	8605	CONS.ET TRAITEMENTS DENTAIRES-SERVICES ADMINISTRATIFS	1	8600	3580	01
670783273	6623	CHIRURGIE INFANTILE-REANIMATION NEONATALE	1	6625	3945	01
670783273	6712	PEDIATRIE 2-HOSPITALISATION SOINS INTENSIFS NEONATOLOGIE	1	6710	3945	01
670783273	6616	CHIRURGIE INFANTILE-SALLE OPERATOIRE	1	6610	3945	01
670783273	6612	CHIRURGIE INFANTILE-HOSPITALISATION	1	6610	3945	01
670783273	6823	PEDIATRIE 1-HOSPITALISATION DE JOUR	1	6810	3945	01
670783273	6812	PEDIATRIE 1-HOSPITALISATION GRANDS ENFANTS	1	6810	3945	01
670783273	6526	GYNECOLOGIE ET OBSTETRIQUE - SALLE OPERATOIRE	1	6540	4030	01
670783273	6537	OBSTETRIQUE - SALLE D'ACCOUCHEMENT	1	6540	4030	01
670783273	6547	OBSTETRIQUE - POUPONNIERE	1	6540	4030	01
670783273	6421	OBSTETRIQUE - HOSPITALISATION	1	6540	4030	01
670783273	6422	OBSTETRIQUE - HOSPITALISATION	1	6540	4030	01
670783273	6428	GYNECOLOGIE ET OBSTETRIQUE - CONSULTATIONS EXTERNES	1	6540	4030	01
670783273	6447	OBSTETRIQUE - POUPONNIERE	1	6540	4030	01
670783273	6815	CENTRE REFERENT - TROUBLES DES APPRENTISSAGES	1	6810	3945	01
670783273	6239	UNITE DE RADIOPHYSIQUE	1	6255	4090	01
670783273	6214	RADIOLOGIE 1-I.R.M.	1	6220	4090	01
670783273	6213	RADIOLOGIE 2-SCANNER-NEURORADIOLOGIE	1	6225	4090	01
670783273	6236	MEDECINE NUCLEAIRE	1	6235	4090	01
670783273	6221	RADIOLOGIE 1-ECHOGRAPHIQUE VISCERALE ET OSSEUSE	1	6220	4090	01
670783273	6224	RADIOLOGIE 2-I.R.M.	1	6225	4090	01
670783273	6226	RADIOLOGIE 2-RADIOPEDIATRIE	1	6225	4090	01
670783273	6237	LABORATOIRE HOSPITALIER-BIOPHYSIQUE	1	6235	4090	01
670783273	6222	RADIOLOGIE 1-SCANNER	1	6220	4090	01
670783273	6211	RADIOLOGIE 1-VASCULAIRE ET INTERVENTIONNELLE	1	6220	4090	01
670783273	6227	RADIOLOGIE 1-THORACIQUE GYNECO-OBST.SENOLOGIQUE ET DENTAIRE	1	6220	4090	01
670783273	6212	RADIOLOGIE 2-OSTEOARTICULAIRE	1	6225	4090	01
670783273	6338	RESEAU REGIONAL DES TUMOROTHEQUES	1	6330	4080	01
670783273	6113	CENTRE DE REFERENCE - ANOMALIES EMBRYON D'ORIGINE GENETIQUE	1	6110	4080	01
670783273	6335	EPP - EAD	1	6330	4080	01
670783273	6112	CENTRE DE REFERENCE - AFFECTIONS OPHTALMOLOGIQUES GENETIQUES	1	6110	4080	01
670783273	6337	CENTRE DE RESSOURCES BIOLOGIQUES - TUMOROTHEQUE	1	6330	4080	01
670783273	6111	GENETIQUE MEDICALE-CONSULTATIONS EXTERNES	1	6110	4080	01
670783273	6443	LABO.HOSPIT.DE BIOCHIMIE-HORM.ET ANAL.SPEC.	1	6440	4080	01
670783273	6442	LABO.HOSPIT.DE BIOCHIMIE-BIOLOGIE MOLECULAIRE	1	6440	4080	01
670783273	6441	LABO.HOSPIT.DE BIOCHIMIE-ANALYSES USUELLES	1	6440	4080	01
670783273	6342	LABO.HOSPIT.D'IMMUNOLOGIE CELLULAIRE ET IMMUNOGENETIQUE	1	6370	4080	01
670783273	6331	DEPARTEMENT DE PATHOLOGIE - HISTOPATHOLOGIE	1	6330	4080	01
670783273	6333	DEPARTEMENT DE PATHOLOGIE - AUTOPSIE	1	6330	4080	01
670783273	6343	LABO.HOSPITALIER D'IMMUNOLOGIE HUMORALE	1	6370	4080	01
670783273	6446	LABO.HOSPIT.DE CYTOGENETIQUE CONSTIT.ET PRENATALE	1	6445	4080	01
670783273	6332	DEPARTEMENT DE PATHOLOGIE - CYTOPATHOLOGIE	1	6330	4080	01
670783273	6334	DEPARTEMENT DE PATHOLOGIE - TECHNIQUES COMPLEMENTAIRES	1	6330	4080	01
670783273	6366	BLOC OPERATOIRE-COMPTE COMMUN	1	6460	4140	01
670783273	6943	NUTRITION CLINIQUE - CONSULTATIONS	1	6920	4060	01
670783273	6502	RHUMATOLOGIE - HOSPITALISATION DE JOUR	1	6500	4060	01
670783273	6934	CENTRE DE CURE AMBULATOIRE EN ALCOOLOGIE - HTPE	1	6920	4060	01
670783273	6922	MEDECINE INTERNE ET NUTRITION-HOSPITALISATION	1	6920	4060	01
670783273	6921	MEDECINE INTERNE ET NUTRITION-HOSPITALISATION	1	6920	4060	01
670783273	6923	MEDECINE INTERNE ET NUTRITION-HOSPITALIS.DE JOUR	1	6920	4060	01
670783273	6924	MEDECINE INTERNE ET NUTRITION-HOSPITALISATION	1	6920	4060	01
670783273	6925	MEDECINE INTERNE ET NUTRITION-SURV.CONTINUE	1	6920	4060	01
670783273	6928	MEDECINE INTERNE ET NUTRITION-CONS.EXTERNES	1	6920	4060	01
670783273	6501	RHUMATOLOGIE - HOSPITALISATION	1	6500	4060	01
670783273	6208	RHUMATOLOGIE-CONSULTATIONS EXTERNES	1	6500	4060	01
670783273	6802	NEUROCHIRURGIE-HOSPITALISATION	1	6800	3980	01
670783273	6801	NEUROCHIRURGIE-HOSPITALISATION	1	6800	3980	01
670783273	6805	NEUROCHIRURGIE-SURVEILLANCE CONTINUE	1	6800	3980	01
670783273	6808	NEUROCHIRURGIE-CONSULTATIONS EXTERNES	1	6800	3980	01
670783273	6702	O.R.L-HOSPITALISATION	1	6700	3980	01
670783273	6707	O.R.L-EXPLORATIONS FONCTIONNELLES AUDIOVESTIBULAIRES	1	6700	3980	01
670783273	6708	O.R.L-CONSULTATIONS EXTERNES	1	6700	3980	01
670783273	6426	NEUROCHIRURGIE-BLOC OPERATOIRE	1	6800	3980	01
670783273	6506	O.R.L-SALLE OPERATOIRE	1	6700	3980	01
670783273	6701	O.R.L-HOSPITALISATION	1	6700	3980	01
670783273	6703	O.R.L-HOSPITALISATION DE SEMAINE	1	6700	3980	01
670783273	6367	TRAITEMENT DE LA DOULEUR-HOP.HTPE	1	6830	3980	01
670783273	6667	ANESTHESIOLOGIE - RADIOLOGIE PEDIATRIQUE	1	6360	4010	01
670783273	6569	ANESTHESIOLOGIE - ENDOSCOPIE	1	6360	4010	01
670783273	6568	ANESTHESIOLOGIE-GYNECO.OBSTETRIQUE	1	6360	4010	01
670783273	6469	ANESTHESIOLOGIE-ORTHO.TRAUMATOLOGIE	1	6360	4010	01
670783273	6364	CONSULTATION CENTRALE D'ANESTHESIE-HOP.HTPE	1	6360	4010	01
670783273	6361	REANIMATION CHIRURGICALE-HOSPITALISATION	1	6365	4010	01
670783273	6363	REANIMATION CHIRURGICALE-GREFFES	1	6365	4010	01
670783273	6369	ANESTHESIOLOGIE-REGROUPEMENT	1	6360	4010	01
670783273	6468	ANESTHESIOLOGIE-NEUROCHIRURGIE	1	6360	4010	01
670783273	6767	ANESTHESIOLOGIE-O.R.L.	1	6360	4010	01
670783273	6567	ANESTHESIOLOGIE-CHIR.GENERALE ET TRANSPLANTATIONS	1	6360	4010	01
670783273	6467	ANESTHESIOLOGIE-CHIR.GENERALE ET DIGESTIVE	1	6360	4010	01
670783273	6666	ANESTHESIOLOGIE-ANESTHESIE ET REVEIL CHIRURGIE INFANTILE	1	6360	4010	01
670783273	6566	ANESTHESIOLOGIE-REVEIL 5	1	6360	4010	01
670783273	6466	ANESTHESIOLOGIE-REVEIL 4	1	6360	4010	01
670783273	6942	CARDIO.INVASIVE-EXPLOR.CARDIOL.INVASIVES	1	6940	3960	01
670783273	6941	CARDIO.INVASIVE-HOSPIT.DE SEMAINE	1	6900	3960	01
670783273	6901	CARDIOLOGIE-HOSPITALISATION	1	6900	3960	01
670783273	6902	CARDIOLOGIE-HOSPITALISATION	1	6900	3960	01
670783273	6903	CARDIOLOGIE-STIMULATEURS	1	6900	3960	01
670783273	6905	CARDIOLOGIE-REANIMATION	1	6900	3960	01
670783273	6906	CARDIOLOGIE-IMPLANT STIMULATEURS	1	6900	3960	01
670783273	6908	CARDIOLOGIE-CONSULTATIONS EXTERNES	1	6900	3960	01
670783273	9318	CELLULE D'HEMOVIGILANCE - HOPITAL DE HAUTEPIERRE	1	9300	4150	01
670783273	6539	GYNECOLOGIE ET OBSTETRIQUE - CHIRURGIE AMBULATOIRE	1	6540	4030	01
670783273	6914	HEPATO.GASTRO.ENTERO.ET ASSISTANCE NUTRITIVE-HOSPITALISATION	1	6910	4200	01
670783273	6912	HEPATO.GASTRO.ENTERO.ET ASSISTANCE NUTRITIVE-HOSPITALISATION	1	6910	4200	01
670783273	6915	HEPATO.GASTRO.ENTERO.ET ASSISTANCE NUTRITIVE-SURV.CONTINUE	1	6910	4200	01
670783273	6917	HEPATO.GASTRO.ENTERO.ET ASSISTANCE NUTRITIVE-EXPL.FONCT.	1	6910	4200	01
670783273	6918	HEPATO.GASTRO.ENTERO.ET ASSISTANCE NUTRITIVE-CONS.EXTERNES	1	6910	4200	01
670783273	6913	HEPATO.GASTRO.ENTERO.ET ASSIST.NUTRITIVE-HOSP.DE JOUR	1	6910	4200	01
670783273	6605	CHIRURGIE GENERALE ET DIGESTIVE-SURVEILLANCE CONTINUE	1	6600	4200	01
670783273	6608	CHIRURGIE GENERALE ET DIGESTIVE-CONSULTATIONS EXTERNES	1	6600	4200	01
670783273	6513	CHIRURGIE GENERALE ET TRANSPL.MULTIORGANES-HOSPITALISATION	1	6510	4200	01
670783273	6516	CHIRURGIE GENERALE ET TRANSPL.MULTIORGANES-SALLE OPERATOIRE	1	6520	4200	01
670783273	6518	CHIR.GEN.HEPAT.ET ENDOCR-CONSULTATIONS EXTERNES	1	6505	4200	01
670783273	6514	CHIRURGIE GENERALE ET TRANSPL.MULTIORGANES-GREFFE	1	6510	4200	01
670783273	6515	CHIR. GENERALE, HEPATIQUE ET ENDOCRINIENNE - SURV. CONTINUE	1	6505	4200	01
670783273	6406	CHIRURGIE GENERALE ET DIGESTIVE-SALLE OPERATOIRE	1	6600	4200	01
670783273	6511	CHIR.GENERALE ET TRANSPL.MULTIORGANES-SURVEILLANCE CONTINUE	1	6510	4200	01
670783273	6916	NUTRITION PARENTERALE A DOMICILE-HOPITAL HAUTEPIERRE	1	6910	4200	01
670783273	6601	CHIRURGIE GENERALE ET DIGESTIVE-HOSPITALISATION	1	6600	4200	01
670783273	6622	UNITE DE SOINS PALLIATIFS-CONSULTATIONS	1	6620	9998	01
670783273	6631	DETENUS-MEDECINE	1	6630	9998	01
670783273	6632	DETENUS-CHIRURGIE	1	6635	9998	01
670783273	9303	MAISON MEDICALE	1	6120	4180	01
670783273	6254	REANIMATION MEDICALE-GREFFES	1	6250	4180	01
670783273	6257	REANIMATION MEDICALE-HYPERBARIE	1	6250	4180	01
670783273	6251	REANIMATION MEDICALE-HOSPITALISATION	1	6250	4180	01
670783273	6258	REANIMATION MEDICALE-CONSULTATIONS EXTERNES	1	6250	4180	01
670783273	6252	REANIMATION MEDICALE-HOSPITALISATION	1	6250	4180	01
670783273	6253	REANIMATION MEDICALE-HOSPITALISATION	1	6250	4180	01
670783273	6101	URGENCES MEDICALES-HOSPITALISATION	1	6120	4180	01
670783273	6108	URGENCES MEDICALES-CONSULTATIONS EXTERNES	1	6120	4180	01
670783273	6109	URGENCES CHIRURGICALES-HOSPITALISATION	1	6120	4180	01
670783273	6118	URGENCES CHIRURGICALES-CONSULTATIONS EXTERNES	1	6120	4180	01
670783273	6141	LACTARIUM	1	6140	4160	01
670783273	6041	BIBERONNERIE	1	6140	4160	01
670783273	6951	UNITE DE THERAPIE CELLULAIRE ET GENIQUE	1	6930	4000	01
670783273	6939	HEMAPHERESES - GREFFES DE MOELLE - HOSPITALISATION DE JOUR	1	6930	4000	01
670783273	6938	ONCOLOGIE - HEMATOLOGIE - HOSPITALISATION DE SEMAINE	1	6930	4000	01
670783273	6937	ONCO.HEMATOLOGIE - HOSPITALISATION DE JOUR - C.R.T.H.	1	6930	4000	01
670783273	6347	UNITE D'HEMOSTASE	1	6340	4000	01
670783273	6346	UNITE DE CYTOGENETIQUE	1	6340	4000	01
670783273	6933	ONCO-HEMATOLOGIE-SURVEILLANCE CONTINUE ALLOGREFFE	1	6930	4000	01
670783273	6931	ONCOLOGIE - HOSPITALISATION	1	6930	4000	01
670783273	6932	ONCO-HEMATOLOGIE-HOSPITALISATION	1	6930	4000	01
670783273	6935	ONCO-HEMATOLOGIE-SURVEILLANCE CONTINUE	1	6930	4000	01
670783273	6936	ONCO-HEMATOLOGIE-PLATEAU TECHNIQUE	1	6930	4000	01
670783273	6344	UNITE DE CYTOLOGIE	1	6340	4000	01
670783273	6417	TRAUMATOLOGIE - UNITE DE COMPENSATION ET DE SUPPLEANCE	1	6400	4020	01
670783273	6837	TRAUMATOLOGIE - CHIRURGIE AMBULATOIRE	1	6400	4020	01
670783273	6216	MEDECINE PHYS.ET READAPTATION-ATELIER ORTHOPEDIQUE	1	6310	4020	01
670783273	6418	TRAUMATOLOGIE - CONSULTATIONS EXTERNES	1	6400	4020	01
670783273	6411	TRAUMATOLOGIE-HOSPITALISATION	1	6400	4020	01
670783273	6412	TRAUMATOLOGIE - HOSPITALISATION	1	6400	4020	01
670783273	6413	TRAUMATOLOGIE-HOSPITALISATION DE SEMAINE	1	6400	4020	01
670783273	6414	TRAUMATOLOGIE - HOSPITALISATION	1	6400	4020	01
670783273	6415	TRAUMATOLOGIE-SURVEILLANCE CONTINUE	1	6400	4020	01
670783273	6416	TRAUMATOLOGIE - SALLE OPERATOIRE	1	6400	4020	01
670783273	6312	MEDECINE PHYSIQUE ET READAPTATION-HOSPITALISATION	1	6310	4020	01
670783273	6218	MEDECINE PHYSIQUE ET READAPTATION-CONSULTATIONS EXTERNES	1	6310	4020	01
670783273	6219	MEDECINE PHYSIQUE ET READAPTATION-PLATEAU TECHNIQUE	1	6310	4020	01
670783273	6381	UNITE DE RECONSTITUTION DES CYTOTOXIQUES	1	6320	4100	01
670783273	0063	MAT.PREMIERES-POUR NUTRITION PARENTERALE	1	6320	4100	01
670783273	0062	PHARMACIE - GUICHET DES PATIENTS HTP	1	6320	4100	01
670783273	0061	PHARMACIE - MAGASIN HAUTEPIERRE	1	6320	4100	01
670783273	0003	PHARMACIE - PANS. LIGATURES. SONDES	1	6320	4100	01
670783273	6377	GESTION - PREPARATION - DISPENSATION - RADIOPHARMACEUTIQUES	1	6320	4100	01
670783273	6376	PREPARATION DES ANTICANCEREUX	1	6320	4100	01
670783273	6374	FRAIS GENERAUX DE LA PHARMACIE	1	6320	4100	01
670783273	6399	RECTIFICATION DE STOCK MALI	1	6320	4100	01
670783273	6388	RECTIFICATION DE STOCK BONI	1	6320	4100	01
670783273	6919	HEPATO.GASTRO.ENTERO.ET ASSIST.NUTRITIVE-ANESTH.AMBUL.	1	6910	4200	01
670783273	6519	CHIR.GEN.ET TRANSPL.MULTIORG-SUIVI DES PATIENTS GREFFES	1	6510	4200	01
670783273	6522	CHIR.GEN.HEPAT.ET ENDOCR-SALLE OPERATOIRE	1	6520	4200	01
670783273	6512	CHIR. GENERALE, HEPATIQUE ET ENDOCRINIENNE - HOSPITALISATION	1	6505	4200	01
670783273	6602	CHIRURGIE GENERALE ET DIGESTIVE-HOSPITALISATION	1	6600	4200	01
670783273	6373	GESTION ET DISPENSATION DES PRODUITS EN ESSAIS CLINIQUES	1	6320	4100	01
670783273	6372	NUTRITION PARENTERALE A DOMICILE	1	6320	4100	01
670783273	6328	PRETS ET EMPRUNTS DE PRODUITS PHARMACEUTIQUES	1	6320	4100	01
670783273	6371	SORTIES SANS CONSOMMATION DE PRODUITS PHARMACEUTIQUES	1	6320	4100	01
670783273	6321	DISPENSATION DES MEDICAMENTS POUR L'HOSPITALISATION	1	6320	4100	01
670783273	6324	STERILISATION CENTRALE HTPE	1	6350	4100	01
670783273	6325	DISPENSATION DES MEDICAMENTS AUX PERSONNELS DES HUS	1	6320	4100	01
670783273	6326	RETROCESSION AUX PATIENTS	1	6320	4100	01
670783273	6327	GESTION ET DISTRIBUTION DES GAZ MEDICAUX - HTPE	1	6320	4100	01
670783273	6032	DESINFECTION PAR VOIE AERIENNE - HTPE	1	6350	4100	01
670783273	6456	CRCM ADULTE	1	6730	3970	01
670783273	6621	PNEUMOLOGIE-HOSPITALISATION DE JOUR	1	6450	3970	01
670783273	6627	PNEUMOLOGIE-EXPLORATIONS FONCTIONNELLES	1	6450	3970	01
670783273	6628	PNEUMOLOGIE-CONSULTATIONS EXTERNES	1	6450	3970	01
670783273	6452	PNEUMOLOGIE-HOSPITALISATION	1	6450	3970	01
670783273	6453	PNEUMOLOGIE-HOSPITALISATION	1	6450	3970	01
670783273	6454	PNEUMOLOGIE-HOSPITALISATION	1	6450	3970	01
670783273	6455	PNEUMOLOGIE-SURVEILLANCE CONTINUE	1	6450	3970	01
670783273	6451	PNEUMOLOGIE-HOSPITALISATION	1	6450	3970	01
670783273	6533	ACCUEIL ET URGENCES GYNECOLOGIQUES ET OBSTETRICALES	1	6540	4030	01
670783273	6529	SURVEILLANCE INTENSIVE DE GROSSESSE - CONSULT. EXTERNES	1	6540	4030	01
670783273	6238	GYNECOLOGIE ET OBSTETRIQUE-ECHOGRAPHIE	1	6540	4030	01
670783273	6532	OBSTETRIQUE - HOSPITALISATION	1	6540	4030	01
670783273	6229	CENTRE DE PLANIFICATION FAMILIALE-HOPITAL HAUTEPIERRE	1	6540	4030	01
670783273	6528	GYNECOLOGIE ET OBSTETRIQUE - HOSPITALISATION DE JOUR	1	6540	4030	01
670783273	6492	GYNECOLOGIE - INTERRUPTION VOLONTAIRE DE GROSSESSE	1	6540	4030	01
670783273	6424	GYNECOLOGIE - HOSPITALISATION	1	6540	4030	01
670783273	6319	CHIRURGIE INFANTILE - HOSPITALISATION DE SEMAINE	1	6610	3945	01
670783273	6819	PEDIATRIE 1-SURVEILLANCE CONTINUE	1	6810	3945	01
670783273	6246	URGENCES CHIR.PEDIATRIQUES-HOSPITALISATION	1	6245	3945	01
670783273	6242	PEDIATRIE 3 URG.MED.PED-HOSPITALISATION	1	6240	3945	01
670783273	6243	PEDIATRIE 3 URG.MED.PED-CONS.EXTERNES	1	6240	3945	01
670783273	6713	PEDIATRIE 2-REANIMATION NEONATALE	1	6720	3945	01
670783273	6274	PEDIATRIE 3-HOSPITALISATION ONCO-HEMATO	1	6820	3945	01
670783273	6138	CHIRURGIE INFANTILE-CONSULTATIONS EXTERNES	1	6610	3945	01
670783273	6827	SUBVENTION AFM - CONSULTATIONS NEUROMUSCULAIRES	1	6810	3945	01
670783273	6826	CENTRE DE REFERENCE-MALADIES NEUROMUSCULAIRES RARES-ENFANTS	1	6810	3945	01
670783273	6824	CENTRE DE REFERENCE - EPILEPSIES RARES - ENFANTS	1	6810	3945	01
670783273	6822	SMUR NEONATAL ET PEDIATRIQUE	1	6720	3945	01
670783273	6493	UNITE KANGOUROU	1	6710	3945	01
670783273	6719	CRCM PEDIATRIQUE	1	6730	3945	01
670783273	6267	CHIRURGIE INFANTILE-HOSPITALISATION	1	6610	3945	01
670783273	6128	PEDIATRIE 3-CONSULTATIONS SPECIALISEES	1	6820	3945	01
670783273	6273	PEDIATRIE 3-HOSPITALISATION ONCO-HEMATO	1	6820	3945	01
670783273	6272	PEDIATRIE 3-SURVEILLANCE CONTINUE ALLOGREFFES	1	6820	3945	01
670783273	6278	PEDIATRIE 3-CONSULTATIONS EXTERNES ONCO-HEMATO	1	6820	3945	01
670783273	6247	URGENCES CHIR.PEDIATRIQUES-CONSULTATIONS EXTERNES	1	6245	3945	01
670783273	6615	CHIRURGIE INFANTILE-SURVEILLANCE CONTINUE	1	6610	3945	01
670783273	6813	PEDIATRIE 2-REANIMATION GRANDS ENFANTS	1	6720	3945	01
670783273	6821	PEDIATRIE 2-REANIMATION GREFFE	1	6720	3945	01
670783273	6817	PEDIATRIE 1-HOSPITALISATION NOURRISSONS	1	6810	3945	01
670783273	6613	CHIRURGIE INFANTILE-REANIMATION GRANDS ENFANTS	1	6625	3945	01
670783273	6711	PEDIATRIE 2-HOSPITALISATION NEONATOLOGIE CONVENTIONNELLE	1	6710	3945	01
670783273	6729	PEDIATRIE 1-HEMODIALYSE	1	6810	3945	01
670783273	6717	PEDIATRIE 2-EXPLORATIONS FONCTIONNELLES	1	6710	3945	01
670783133	7109	HOPITAUX ROBERTSAU-SERVICES GENERAUX	1	7100	4170	01
670783133	7139	HOPITAUX ROBERTSAU-ADMINISTRATION	1	7100	4170	01
670783133	7187	CRECHE DES ENFANTS DU PERSONNEL - HOPITAUX DE LA ROBERTSAU	1	7185	4170	01
670783133	7168	UNITE D'ONCOGERIATRIE	1	7115	3955	01
670783133	7113	PAV.SCHUTZ-UNITE MOBILE DE GERIATRIE	1	7115	3955	01
670783133	7141	PAV.SCHUTZ.MEDECINE INTERNE GERIATRIE-HOSPITALISATION	1	7115	3955	01
670783133	7142	PAV.SCHUTZ.MEDECINE INTERNE GERIATRIE-HOSPITALISATION	1	7115	3955	01
670783133	7143	PAV.SCHUTZ.MEDECINE INTERNE GERIATRIE-HOSPITALISATION	1	7115	3955	01
670783133	7131	PAV.SCHUTZ.MEDECINE INTERNE GERIATRIE-CONSULTATIONS EXTERNES	1	7115	3955	01
670780055	7301	INSTITUT DE PUERICULTURE-BATIMENTS	1	0135	4170	01
670783240	7155	PAV.KUSS-LONG SEJOUR RESERVATION 100%	1	7135	3955	01
670783240	7152	PAVILLON KUSS-LONG SEJOUR 1ER ETAGE	1	7135	3955	01
670783240	7153	PAVILLON KUSS-LONG SEJOUR 2EME ETAGE	1	7135	3955	01
670783240	7156	PAV. KUSS - USLD - RESERVATION PLUS DE 72 H	1	7135	3955	01
670783240	7158	PAV. KUSS - USLD - RESERVATION PLUS DE 72 H / - 60 ANS	1	7135	3955	01
670783240	7157	PAVILLON KUSS-LONG SEJOUR SOINS	1	7135	3955	01
670783240	7161	PAVILLON KUSS-MOYEN SEJOUR	1	7135	3955	01
670783240	7154	PAVILLON KUSS-LONG SEJOUR 3EME ETAGE	1	7135	3955	01
670783133	7166	PAVILLON SCHUTZENBERGER - SSRG - 4	1	7115	3955	01
670783133	7167	PAVILLON SCHUTZENBERGER - SSRG - 3	1	7115	3955	01
670790161	7424	CENTRE REGIONAL AUTISME - HOSPITALISATION DE JOUR	1	7400	4040	01
670790161	7423	SPEA - SEJOURS THERAPEUTIQUES	1	7400	4040	01
670790161	7421	SPEA H. ELSAU - HOSPITALISATION COMPLETE	1	7400	4040	01
670790161	7408	SPEA H. ELSAU - HOSPITALISATION REGROUPEMENT	1	7400	4040	01
670790161	8751	SPEA CATTP - ENFANTS	1	7400	4040	01
670790161	7422	CENTRE REGIONAL D'AUTISME	1	7400	4040	01
670790161	7411	SPEA H. ELSAU - HOSPITALISATION DE JOUR	1	7400	4040	01
670790161	7406	SPEA H. ELSAU - CONSULT. EXTERNES ET DE LIAISON	1	7400	4040	01
670780055	5612	BLANCHISSERIE CENTRALE	1	5610	4160	01
670780055	5614	TRANSPORT DE LINGE	1	5610	4160	01
670780055	8062	FONDATION LOVISA	1	8000	4170	01
670780055	8051	HOPITAL STEPHANIE-ROUTE DE LA LISIERE	1	8000	4170	01
670780055	8055	COPROPRIETE D'ETAGE-1 QUAI KOENIG	1	8000	4170	01
670780055	8054	PETIT PAVILLON LOVISA-66 RUE MELANIE	1	8000	4170	01
670780055	8064	FONDATION MAISON DE RETRAITE	1	8000	4170	01
670780055	8065	FONDATION STEPHANIE	1	8000	4170	01
670780055	8066	CAVE HISTORIQUE DES HOSPICES DE STRASBOURG	1	8070	4170	01
670780055	8063	FONDATION CHARLES FREY	1	8000	4170	01
670780055	8001	DOMAINES-2 PLACE DE L'HOPITAL	1	8000	4170	01
670780055	8011	DOMAINES-1 QUAI ST-NICOLAS	1	8000	4170	01
670780055	8081	BATIMENT AX3-HOPITAL HAUTEPIERRE	1	8000	4170	01
670780055	8080	HOME SAINT-MARC-6 RUE SAINT-MARC	1	8000	4170	01
670780055	8079	CONCIERGERIE INST.FORM.MASSO-KINE-6 RUE ST-MARC	1	8000	4170	01
670780055	8077	LOGEMENT-3 RUE SPIELMANN	1	8000	4170	01
670780055	8076	GARAGE-15 RUE DE LA BRIGADE ALSACE-LORRAINE	1	8000	4170	01
670780055	8075	LOGEMENT-13 RUE DE LA BRIGADE ALSACE-LORRAINE	1	8000	4170	01
670780055	8058	BATIMENT AX 4 - STUDIOS - QUARTIER HAUTEPIERRE	1	8000	4170	01
670780055	8057	HOME DES INFIRMIERES-RUE KIRSCHLEGER	1	8000	4170	01
670780055	8056	FOYER DES JEUNES TRAVAILLEURS-ROBERTSAU	1	8000	4170	01
670780055	8089	MAISON DE PARENTS - HOPITAL DE HAUTEPIERRE	1	8000	4170	01
670780055	8088	IMMEUBLE-4 RUE DE TRUCHTERSHEIM-WIWERSHEIM	1	8000	4170	01
670780055	8087	PRESBYTERE-HOPITAL CIVIL	1	8000	4170	01
670780055	8086	AILE OUEST PAVILLON LOVISA - 66 RUE MELANIE - ROBERTSAU	1	8000	4170	01
670780055	8085	BATIMENT - 9 RUE DAVID RICHARD - QUARTIER ROBERTSAU	1	8000	4170	01
670780055	8084	BATIMENT 10 - 1 RUE DAVID RICHARD - QUARTIER ROBERTSAU	1	8000	4170	01
670780055	8083	BATIMENT AX16-HOPITAL HAUTEPIERRE	1	8000	4170	01
670780055	8082	BATIMENT AX5-HOPITAL HAUTEPIERRE	1	8000	4170	01
670780055	8012	DOMAINES-2 QUAI ST-NICOLAS	1	8000	4170	01
670780055	8014	DOMAINES-4 QUAI ST-NICOLAS	1	8000	4170	01
670780055	8061	FONDATION ST-MARC	1	8000	4170	01
670780055	8016	DOMAINES-6 QUAI ST-NICOLAS	1	8000	4170	01
670780055	8017	DOMAINES-7 QUAI ST-NICOLAS	1	8000	4170	01
670780055	8018	DOMAINES-8 QUAI ST-NICOLAS	1	8000	4170	01
670780055	8019	DOMAINES-4 COUR ST-NICOLAS	1	8000	4170	01
670780055	8020	DOMAINES-1 RUE ECARLATE	1	8000	4170	01
670780055	8015	DOMAINES-5 QUAI ST-NICOLAS	1	8000	4170	01
670780055	8002	DOMAINES-3 PLACE DE L'HOPITAL	1	8000	4170	01
670780055	8003	DOMAINES-4 ET 5 PLACE DE L'HOPITAL	1	8000	4170	01
670780055	8005	DOMAINES-10 COUR ST-NICOLAS	1	8000	4170	01
670780055	8006	DOMAINES-14 RUE ST-NICOLAS	1	8000	4170	01
670780055	8007	DOMAINES-16 RUE ST-NICOLAS	1	8000	4170	01
670780055	8008	DOMAINES-18 RUE ST-NICOLAS	1	8000	4170	01
670780055	8009	DOMAINES-SERVICES ADMINISTRATIFS	1	8000	4170	01
670780055	8010	DOMAINES-6 COUR ST-NICOLAS	1	8000	4170	01
670780055	8053	MAISON FORESTIERE-KESSELDORF	1	8000	4170	01
670780055	8052	FERME WILHELMSGUT	1	8000	4170	01
670780055	8028	DOMAINES-6 RUE DES GRENIERS	1	8000	4170	01
670780055	8021	DOMAINES-3 RUE ECARLATE	1	8000	4170	01
670780055	8024	GARAGES AUTOS PRIVEES	1	8000	4170	01
670780055	8060	FONDATION HOPITAL CIVIL	1	8000	4170	01
670009109	9411	C.C.O.M. - BLOC OPERATOIRE	1	9700	4020	01
670009109	9408	C.C.O.M. - UNITE DE CHIRURGIE AMBULATOIRE	1	9700	4020	01
670009109	9407	C.C.O.M. - HOSPITALISATION - UNITE MEMBRE INFERIEUR	1	9700	4020	01
670009109	9406	C.C.O.M. - HOSPITALISATION - UNITE MEMBRE SUPERIEUR	1	9700	4020	01
670009109	9405	C.C.O.M. - HOSPITALISATION - UNITE SEPTIQUE	1	9700	4020	01
670009109	9404	C.C.O.M. - HOSPITALISATION - UNITE GENOU	1	9700	4020	01
670009109	9426	C.C.O.M. - CONSULTATIONS EXTERNES - CHIRURGIE DE LA MAIN	1	9700	4020	01
670009109	9425	C.C.O.M. - UNITE DE COMPENSATION ET DE SUPPLEANCE	1	9700	4020	01
670009109	9424	C.C.O.M. - DEPOT DE SANG	1	9700	4020	01
670009109	9412	C.C.O.M. - CONSULTATIONS EXTERNES - ORTHOPEDIE	1	9700	4020	01